naam,land,addres,geboortedatum
David Lee,Colombia,"58465 Lawson Crest
Heatherborough, PW 99058",2005-10-14
Carlos Jones,Turks and Caicos Islands,"12356 Walker Land Apt. 071
South Kylemouth, IN 19138",1950-10-20
Erica King,Indonesia,"9190 Reynolds Haven
New Matthewborough, SD 84604",2005-06-23
Derrick Lester,Belize,"3443 Miller Turnpike
Reneeport, DC 10091",1998-09-21
Jane Clark,Kenya,"38404 Brian Route
Lake Patricia, SC 66649",1969-04-25
Chloe Allen,Ireland,"517 Valencia Mountain
Brandyberg, PA 24100",1944-10-11
Stephen Williams,Saint Helena,"2168 Cameron Terrace
Rasmussenland, SC 69896",2014-08-14
Austin Austin,Syrian Arab Republic,"69480 Esparza Station
Ortizshire, VI 66327",1970-11-03
Glen Price,Heard Island and McDonald Islands,"259 Matthew Circles Apt. 695
Davisside, NM 42740",1952-02-17
Miguel Jackson,Uganda,"USS Vaughan
FPO AA 82490",2016-05-12
Jeffrey Smith,Poland,"06258 Mcdonald Bypass
Bradleyville, SC 95910",1998-10-19
Patricia Jimenez,Tajikistan,"236 Erin Wells Suite 664
North Amytown, PW 30068",1926-11-03
Andrew Short,Macao,"980 Jenny Meadows
Medinaville, OK 81177",1929-05-16
Mrs. Loretta David,Brazil,"272 Jennifer Spur
Michaelberg, VI 40429",1909-09-08
Thomas Olson,Zambia,"27704 Kidd Cliff
East Shannon, UT 56346",1958-02-14
Renee Brown,Maldives,"PSC 1309, Box 4001
APO AE 89390",1929-09-27
Kyle Leon,Holy See (Vatican City State),"200 Roberts Crossing
Bonillaborough, VI 92624",1982-01-14
Connie Harris,Fiji,"5782 Stephanie Locks Suite 669
Dawnfort, MO 56532",2007-12-25
Aaron Arnold,American Samoa,"1958 Jennifer Roads
Lisahaven, CO 71480",1995-04-18
Brandi Norton,Vietnam,"1546 Travis Glen
West Jamesfurt, OK 26717",1924-03-04
Terry Robbins,Chad,"375 Joseph Isle
Calebtown, AS 55808",2011-01-15
Victor Diaz,Niue,"1053 Bishop Loaf
North Austinhaven, ND 90137",2009-11-21
Kathryn Walter,Swaziland,"520 Stone Extension Apt. 804
Mckenzieland, AS 00665",1985-05-30
Dwayne Castillo,Northern Mariana Islands,"6774 Green Vista Suite 471
Anaberg, SC 12186",1950-07-20
Shawn Case,Finland,"56805 Campbell Freeway Apt. 167
West Brian, CT 82286",1912-02-20
Rebecca Mitchell,French Guiana,"036 John Turnpike
Port Michael, TX 27119",1973-12-26
Ethan Kane Jr.,Bahamas,"1209 Macias Stravenue Apt. 180
Port Christopher, KS 46481",1934-11-20
Alvin Cox,Mongolia,"6548 Marks Rue Suite 337
East Kelly, MO 28034",1937-07-20
Theresa Sheppard,Togo,"0472 Susan Inlet
Whitneyburgh, MP 24775",2021-01-01
William Mclaughlin,Congo,"6730 Rebecca Tunnel Apt. 268
New Amber, PA 29455",1957-10-01
Justin Ramirez,Argentina,"2703 Hernandez Cape Suite 837
Joseburgh, NM 62731",2007-12-08
Angela Mills,Northern Mariana Islands,"5414 Torres Summit Suite 407
Jamesside, MN 96383",1927-09-28
Ricky Gill,Eritrea,"1208 Figueroa Port Suite 233
Jeffreyville, NM 63514",1994-10-11
Ryan Lamb,Tuvalu,"618 Jennifer Ferry Apt. 922
Aliceton, VA 69858",1910-09-20
Patricia Butler,Angola,"569 Johnson Ville
Port Teresa, KS 92228",1948-06-20
Miss Rebecca Jefferson,Aruba,"86305 Martin Alley Suite 669
North Stephenmouth, MH 83271",1971-06-23
Harold Hughes,Bahrain,"0406 Kimberly Lock
Port Darrellport, WY 13553",1949-12-26
Alyssa Mitchell,French Guiana,"8746 Lawrence Ville
Marksview, WY 21114",1924-11-26
Michelle Thompson,Bermuda,"82207 Baker Isle
Russellbury, UT 63549",1955-10-31
Jennifer Lamb,Solomon Islands,"1792 Hoffman Path Apt. 075
Johnsonmouth, WA 77234",1976-06-29
Jonathan Greene,Spain,"05959 Kelly Pine
South Sarah, CO 94260",1945-11-26
Dawn Gordon,Switzerland,"464 Paige Mountains Apt. 722
Simmonsstad, OH 08715",2010-03-02
Randy Bruce,Belarus,"4968 Richard Ports
Angelabury, NC 47794",1911-10-29
Jason Berger,Guinea,"516 Spears Throughway
New Charlesview, GA 36695",1970-01-01
Trevor Oconnell,Saint Lucia,"68355 Miller Pass
New Deborah, NM 70949",2021-07-14
Mrs. Heather Stark PhD,Montenegro,"2255 Patrick Stravenue
Williambury, TX 58983",2001-06-11
Denise Willis,British Indian Ocean Territory (Chagos Archipelago),"Unit 8809 Box 3955
DPO AP 75050",1937-06-03
Derrick Roberts,Serbia,"0402 Danny Path Apt. 657
Ramosview, VI 90275",1959-11-10
Tara Smith,Guernsey,"086 Greene Extensions
Angelaberg, OR 54420",1932-04-03
Jared Smith,French Southern Territories,"59359 Nicole Corners Apt. 816
Donnahaven, UT 09813",2020-04-24
Kimberly Blake,Denmark,"PSC 3934, Box 8299
APO AE 69501",1979-09-19
Erica Guzman,Antarctica (the territory South of 60 deg S),"748 Brooke Port Apt. 681
North Dianachester, ME 52596",1911-06-07
Miss Christine Lopez,Honduras,"5061 Morgan Flats Apt. 010
East Sarah, OK 54056",1975-09-04
Patricia Allen,Bouvet Island (Bouvetoya),"6378 Kirby Island
Reidfurt, MI 21951",1942-01-22
Jonathan Smith,Lao People's Democratic Republic,"PSC 6464, Box 5327
APO AE 39132",1943-08-09
Laurie Brown,Bosnia and Herzegovina,"96250 Jennifer Overpass Apt. 482
West Jill, NM 40988",1935-04-22
Lisa Simmons,Syrian Arab Republic,"9339 Tony Locks
New Anita, UT 16458",2016-08-04
Diamond Williams,Ecuador,"6493 Amanda Vista
Michaeltown, CT 40767",1954-01-18
Kimberly Oliver,Tuvalu,"61564 Savannah Tunnel Suite 192
East Christopher, PR 97162",1924-06-05
Christopher Clark,Belgium,"64308 Christopher Glens Suite 881
South James, KY 69958",1965-03-13
Christian Luna,Israel,"4211 Gould Spurs Suite 168
Amyburgh, MO 74515",1981-11-24
Heather Long,Saint Lucia,"PSC 0619, Box 9622
APO AE 58982",1921-11-26
Sylvia Velez,Sri Lanka,"7374 Victoria Road
Hillmouth, IN 14651",1988-01-17
Allen Solomon,Ireland,"3130 Vincent Gateway Apt. 884
North Thomas, IN 07078",1911-08-02
Christina Wallace,Saint Kitts and Nevis,"505 Abbott Forest Suite 711
Lake Keithstad, DE 69699",2002-12-10
Benjamin Baker,Nigeria,"37788 Alex Brooks Apt. 750
Hillmouth, WA 17729",1972-02-27
Bridget Rivera,Greece,"2112 William Greens
South Katherinefurt, AZ 73914",1930-01-16
Kenneth Collins,Ireland,"338 Crystal Shoal
Port Todd, NJ 47112",2001-06-24
Nicholas Vaughan,Cyprus,"05548 Byrd Views Apt. 835
Robertsonbury, GU 33101",1944-05-17
Kayla Vincent,Oman,"3436 Heather Ridges
Coreybury, MN 49531",1980-04-09
Rodney Allen,Gabon,"2887 Jason Manors Apt. 371
Hullport, CO 53799",1928-05-17
Jamie Figueroa,Wallis and Futuna,"Unit 1234 Box 3344
DPO AP 77299",2003-12-23
Andrew Webster,Cape Verde,"PSC 4873, Box 8819
APO AP 40279",1968-06-27
Wayne Jackson,Philippines,"2420 Lane Junctions Apt. 087
Crystalshire, VA 55840",2017-09-24
Theresa Jenkins,Australia,"44247 Heather Plain
North Joshua, NC 26588",1988-03-05
Denise Cook,Lao People's Democratic Republic,"PSC 1657, Box 4163
APO AP 19663",1946-05-03
Michael Jones,Trinidad and Tobago,"75704 Schroeder Landing Suite 176
East Patricia, PA 23678",1974-01-15
Frederick Dyer,Jersey,"817 Troy Crossing
Lindsayland, NM 83292",1974-12-16
Alexandra Thompson,Georgia,"5247 Gilmore Parks
Stevenburgh, ID 33601",1963-12-22
Levi Page,Poland,"39278 Michael Cliff
New Julie, VT 17805",2015-12-28
Deborah Delgado,Zimbabwe,"719 Abigail Shoals Apt. 896
East Williamland, ME 02974",1982-02-03
Justin Watts,Israel,"USNS Rodgers
FPO AE 85480",2001-06-30
Jessica Buck,French Polynesia,"09369 Cox Forest
West Lindsey, AZ 15030",2008-06-25
Michael Lester,Qatar,"432 Jackson Prairie
Jessicastad, RI 24578",1944-05-15
Jessica Morris,New Zealand,"USNS Palmer
FPO AA 26269",2020-01-05
Steven Johnson,Saint Barthelemy,"94504 Myers Loaf
Haydenberg, MP 16673",1954-08-23
Sarah Melton,San Marino,"00892 Stephanie Spurs Suite 702
West Alexis, OK 70216",1969-11-26
Brian Weaver,Sierra Leone,"0765 James Turnpike Suite 743
South Stacyburgh, FM 99042",1911-09-04
Kristine Johnson,Cameroon,"Unit 4701 Box 9133
DPO AA 45645",2002-09-18
Dawn Green,Moldova,"185 Gray Grove
East Thomas, AZ 53757",1981-11-03
Haley Zamora,Albania,"99728 Patel Course Apt. 823
East Jennifer, PA 13572",1970-08-23
Anthony Robinson,Belize,"677 Burke Walks
West Jasonfurt, ND 15521",1950-07-07
Lauren Weber,Grenada,"594 Stanley Gardens Apt. 549
West Jenny, IN 51224",1919-10-13
Steven Lewis,Lebanon,"4212 Rachel Mountains
Andersonfurt, ND 67858",1926-03-07
Rebecca Lara,Tajikistan,"PSC 0923, Box 4961
APO AP 18816",1952-05-26
Scott Buck DDS,Australia,"999 Mitchell Oval
Port Jamiemouth, WA 07637",1925-10-25
Brandon Colon,French Guiana,"PSC 6983, Box 6759
APO AE 01904",1999-06-26
David Houston,Chile,"23451 Taylor Way Apt. 999
East Jennifermouth, NH 17491",1930-01-22
Brianna Martinez,New Zealand,"314 Kevin Haven Apt. 820
North Kendratown, MN 88282",2011-11-17
